event_id,event_type,set_piece,team,opponent,player,x,y,end_x,end_y,outcome,shot_result,delivery_type,side,foot,subtype,players_in_box,first_contact_team,second_ball_team,retained,xg,marking,venue,minute,second,period,competition,season,match_id,match_label
COR001,corner,corner,FC Masar,Nile Stars,O. Marmoush,100,0,93,54,retained,,short,right,left,short,5,attack,attack,yes,,hybrid,home,3,30,1,Egyptian Premier League,2025/26,MASAR_NILE_2025_08_23,FC Masar vs Nile Stars
COR002,corner,corner,FC Masar,Nile Stars,M. Salah,100,0,93,47,shot,Saved,inswing,right,left,direct,4,attack,defence,no,0.2,man,home,10,41,1,Egyptian Premier League,2025/26,MASAR_NILE_2025_08_23,FC Masar vs Nile Stars
COR003,corner,corner,FC Masar,Nile Stars,M. Salah,100,0,94,40,goal,Goal,inswing,right,left,direct,5,attack,attack,no,0.2,man,home,17,20,1,Egyptian Premier League,2025/26,MASAR_NILE_2025_08_23,FC Masar vs Nile Stars
COR004,corner,corner,FC Masar,Nile Stars,M. Salah,100,0,96,47,cleared,,outswing,right,left,direct,4,defence,defence,no,,hybrid,home,22,17,1,Egyptian Premier League,2025/26,MASAR_NILE_2025_08_23,FC Masar vs Nile Stars
COR005,corner,corner,FC Masar,Nile Stars,M. Salah,100,0,91,62,shot,Saved,driven,right,left,direct,4,attack,attack,no,0.1,man,home,27,6,1,Egyptian Premier League,2025/26,MASAR_NILE_2025_08_23,FC Masar vs Nile Stars
COR006,corner,corner,FC Masar,Nile Stars,O. Marmoush,100,0,86,59,goal,Goal,inswing,right,left,direct,4,attack,defence,no,0.2,man,home,31,45,1,Egyptian Premier League,2025/26,MASAR_NILE_2025_08_23,FC Masar vs Nile Stars
COR007,corner,corner,FC Masar,Nile Stars,O. Marmoush,100,0,95,58,shot,Saved,inswing,right,left,direct,6,attack,attack,no,0.2,man,home,36,21,1,Egyptian Premier League,2025/26,MASAR_NILE_2025_08_23,FC Masar vs Nile Stars
COR008,corner,corner,FC Masar,Nile Stars,O. Marmoush,100,0,88,45,retained,,inswing,right,left,direct,4,attack,attack,yes,,man,home,38,51,1,Egyptian Premier League,2025/26,MASAR_NILE_2025_08_23,FC Masar vs Nile Stars
COR009,corner,corner,FC Masar,Nile Stars,Zizo,100,100,94,44,shot,Off Target,driven,left,right,direct,5,attack,defence,no,0.1,man,home,43,7,1,Egyptian Premier League,2025/26,MASAR_NILE_2025_08_23,FC Masar vs Nile Stars
COR010,corner,corner,FC Masar,Nile Stars,Trezeguet,100,100,86,46,cleared,,inswing,left,right,direct,6,defence,attack,no,,zonal,home,48,11,2,Egyptian Premier League,2025/26,MASAR_NILE_2025_08_23,FC Masar vs Nile Stars
COR011,corner,corner,FC Masar,Nile Stars,Zizo,100,100,88,44,shot,Off Target,inswing,left,right,direct,6,attack,defence,no,0.1,man,home,53,4,2,Egyptian Premier League,2025/26,MASAR_NILE_2025_08_23,FC Masar vs Nile Stars
COR012,corner,corner,FC Masar,Nile Stars,Zizo,100,100,95,58,shot,Off Target,inswing,left,right,direct,6,attack,defence,no,0.2,zonal,home,55,37,2,Egyptian Premier League,2025/26,MASAR_NILE_2025_08_23,FC Masar vs Nile Stars
COR013,corner,corner,FC Masar,Nile Stars,Zizo,100,100,88,58,shot,Off Target,outswing,left,right,direct,5,attack,attack,no,0.2,zonal,home,60,47,2,Egyptian Premier League,2025/26,MASAR_NILE_2025_08_23,FC Masar vs Nile Stars
COR014,corner,corner,FC Masar,Nile Stars,Zizo,100,100,92,53,cleared,,driven,left,right,direct,7,defence,attack,no,,zonal,home,67,6,2,Egyptian Premier League,2025/26,MASAR_NILE_2025_08_23,FC Masar vs Nile Stars
FK015,free_kick,free_kick,FC Masar,Nile Stars,M. Salah,77,61,100,56,shot,Off Target,driven,central,left,direct,4,attack,,,,,home,69,25,2,Egyptian Premier League,2025/26,MASAR_NILE_2025_08_23,FC Masar vs Nile Stars
FK016,free_kick,free_kick,FC Masar,Nile Stars,M. Salah,81,47,100,53,shot,Off Target,driven,central,left,direct,4,attack,,,,,home,74,11,2,Egyptian Premier League,2025/26,MASAR_NILE_2025_08_23,FC Masar vs Nile Stars
FK017,free_kick,free_kick,FC Masar,Nile Stars,M. Salah,75,46,100,42,goal,Goal,driven,central,left,direct,2,attack,,,0.1,,home,82,58,2,Egyptian Premier League,2025/26,MASAR_NILE_2025_08_23,FC Masar vs Nile Stars
FK018,free_kick,free_kick,FC Masar,Nile Stars,M. Salah,77,39,100,40,goal,Goal,driven,central,left,direct,2,attack,,,0.1,,home,86,11,2,Egyptian Premier League,2025/26,MASAR_NILE_2025_08_23,FC Masar vs Nile Stars
FK019,free_kick,free_kick,FC Masar,Nile Stars,Zizo,67,80,91,54,cleared,,inswing,right,right,indirect,6,defence,,,,zonal,home,91,46,2,Egyptian Premier League,2025/26,MASAR_NILE_2025_08_23,FC Masar vs Nile Stars
FK020,free_kick,free_kick,FC Masar,Nile Stars,Zizo,80,15,94,56,cleared,,outswing,right,right,indirect,4,defence,,,,zonal,home,99,1,2,Egyptian Premier League,2025/26,MASAR_NILE_2025_08_23,FC Masar vs Nile Stars
FK021,free_kick,free_kick,FC Masar,Nile Stars,Trezeguet,71,20,87,53,goal,Goal,inswing,left,right,indirect,6,attack,,,0.1,zonal,home,106,2,2,Egyptian Premier League,2025/26,MASAR_NILE_2025_08_23,FC Masar vs Nile Stars
FK022,free_kick,free_kick,FC Masar,Nile Stars,Trezeguet,80,15,88,48,shot,Saved,outswing,left,right,indirect,6,attack,,,0.1,zonal,home,114,42,2,Egyptian Premier League,2025/26,MASAR_NILE_2025_08_23,FC Masar vs Nile Stars
FK023,free_kick,free_kick,FC Masar,Nile Stars,Zizo,67,15,92,56,goal,Goal,lofted,left,right,indirect,5,attack,,,0.2,zonal,home,120,24,2,Egyptian Premier League,2025/26,MASAR_NILE_2025_08_23,FC Masar vs Nile Stars
TI024,throw_in,throw_in,FC Masar,Nile Stars,A. Hegazi,90,0,93,49,cleared,,long,left,,long_throw,3,defence,,no,,,home,128,19,2,Egyptian Premier League,2025/26,MASAR_NILE_2025_08_23,FC Masar vs Nile Stars
TI025,throw_in,throw_in,FC Masar,Nile Stars,A. Hegazi,83,100,85,50,shot,Saved,long,right,,long_throw,6,attack,,no,0.1,,home,135,0,2,Egyptian Premier League,2025/26,MASAR_NILE_2025_08_23,FC Masar vs Nile Stars
TI026,throw_in,throw_in,FC Masar,Nile Stars,A. Hegazi,85,0,88,39,cleared,,long,left,,long_throw,5,defence,,no,,,home,140,42,2,Egyptian Premier League,2025/26,MASAR_NILE_2025_08_23,FC Masar vs Nile Stars
TI027,throw_in,throw_in,FC Masar,Nile Stars,A. Hegazi,88,100,91,63,shot,Saved,long,right,,long_throw,4,attack,,no,0.1,,home,146,51,2,Egyptian Premier League,2025/26,MASAR_NILE_2025_08_23,FC Masar vs Nile Stars
TI028,throw_in,throw_in,FC Masar,Nile Stars,A. Hegazi,87,0,87,47,shot,Saved,long,left,,long_throw,4,attack,,no,0.1,,home,150,22,2,Egyptian Premier League,2025/26,MASAR_NILE_2025_08_23,FC Masar vs Nile Stars
TI029,throw_in,throw_in,FC Masar,Nile Stars,A. Hegazi,84,0,85,65,retained,,long,right,,long_throw,6,attack,,yes,,,home,153,30,2,Egyptian Premier League,2025/26,MASAR_NILE_2025_08_23,FC Masar vs Nile Stars
PEN030,penalty,penalty,FC Masar,Nile Stars,M. Salah,88,50,100,48,goal,Goal,,,,penalty,1,attack,,,0.76,,home,30,53,1,Egyptian Premier League,2025/26,MASAR_NILE_2025_08_23,FC Masar vs Nile Stars
PEN031,penalty,penalty,FC Masar,Nile Stars,O. Marmoush,88,50,100,55,saved,Saved,,,,penalty,1,attack,,,0.76,,home,58,24,2,Egyptian Premier League,2025/26,MASAR_NILE_2025_08_23,FC Masar vs Nile Stars
PEN032,penalty,penalty,FC Masar,Nile Stars,Zizo,88,50,100,58,goal,Goal,,,,penalty,1,attack,,,0.76,,home,74,31,2,Egyptian Premier League,2025/26,MASAR_NILE_2025_08_23,FC Masar vs Nile Stars
PEN033,penalty,penalty,FC Masar,Nile Stars,M. Salah,88,50,100,52,missed,Off Target,,,,penalty,1,attack,,,0.76,,home,88,45,2,Egyptian Premier League,2025/26,MASAR_NILE_2025_08_23,FC Masar vs Nile Stars
COR034,corner,corner,Nile Stars,FC Masar,Opp Winger,100,0,95,52,shot,Saved,outswing,left,right,direct,6,attack,,,0.1,,home,6,50,1,Egyptian Premier League,2025/26,MASAR_NILE_2025_08_23,FC Masar vs Nile Stars
COR035,corner,corner,Nile Stars,FC Masar,Opp Winger,100,100,86,58,shot,Saved,inswing,left,right,direct,5,attack,,,0.2,,home,14,50,1,Egyptian Premier League,2025/26,MASAR_NILE_2025_08_23,FC Masar vs Nile Stars
COR036,corner,corner,Nile Stars,FC Masar,Opp Winger,100,100,96,41,shot,Saved,inswing,left,left,direct,7,attack,,,0.1,,home,18,45,1,Egyptian Premier League,2025/26,MASAR_NILE_2025_08_23,FC Masar vs Nile Stars
COR037,corner,corner,Nile Stars,FC Masar,Opp Winger,100,0,93,55,cleared,,inswing,right,right,direct,5,defence,,,,,home,22,25,1,Egyptian Premier League,2025/26,MASAR_NILE_2025_08_23,FC Masar vs Nile Stars
COR038,corner,corner,Nile Stars,FC Masar,Opp Winger,100,100,89,40,shot,Saved,inswing,right,right,direct,5,attack,,,0.1,,home,31,58,1,Egyptian Premier League,2025/26,MASAR_NILE_2025_08_23,FC Masar vs Nile Stars
COR039,corner,corner,Nile Stars,FC Masar,Opp Winger,100,100,92,55,cleared,,outswing,right,left,direct,4,defence,,,,,home,35,46,1,Egyptian Premier League,2025/26,MASAR_NILE_2025_08_23,FC Masar vs Nile Stars
COR040,corner,corner,Nile Stars,FC Masar,Opp Winger,100,100,87,44,shot,Saved,inswing,right,right,direct,6,attack,,,0.2,,home,44,54,1,Egyptian Premier League,2025/26,MASAR_NILE_2025_08_23,FC Masar vs Nile Stars
COR041,corner,corner,Nile Stars,FC Masar,Opp Winger,100,100,91,54,goal,Goal,outswing,right,right,direct,7,attack,,,0.2,,home,48,13,2,Egyptian Premier League,2025/26,MASAR_NILE_2025_08_23,FC Masar vs Nile Stars
COR042,corner,corner,Nile Stars,FC Masar,Opp Winger,100,100,92,39,shot,Saved,driven,left,right,direct,5,attack,,,0.2,,home,52,57,2,Egyptian Premier League,2025/26,MASAR_NILE_2025_08_23,FC Masar vs Nile Stars
FK043,free_kick,free_kick,Nile Stars,FC Masar,Opp 10,77,56,94,59,cleared,,driven,central,,direct,3,defence,,,,,home,61,28,2,Egyptian Premier League,2025/26,MASAR_NILE_2025_08_23,FC Masar vs Nile Stars
FK044,free_kick,free_kick,Nile Stars,FC Masar,Opp 10,78,58,94,47,cleared,,driven,central,,direct,5,defence,,,,,home,70,32,2,Egyptian Premier League,2025/26,MASAR_NILE_2025_08_23,FC Masar vs Nile Stars
FK045,free_kick,free_kick,Nile Stars,FC Masar,Opp 10,79,44,90,47,cleared,,driven,central,,indirect,3,defence,,,,,home,79,34,2,Egyptian Premier League,2025/26,MASAR_NILE_2025_08_23,FC Masar vs Nile Stars
FK046,free_kick,free_kick,Nile Stars,FC Masar,Opp 10,76,55,90,56,shot,Saved,driven,central,,direct,5,attack,,,0.0,,home,88,24,2,Egyptian Premier League,2025/26,MASAR_NILE_2025_08_23,FC Masar vs Nile Stars
TI047,throw_in,throw_in,Nile Stars,FC Masar,Opp Back,90,0,92,64,cleared,,long,right,,long_throw,4,defence,,,,,home,93,34,2,Egyptian Premier League,2025/26,MASAR_NILE_2025_08_23,FC Masar vs Nile Stars
TI048,throw_in,throw_in,Nile Stars,FC Masar,Opp Back,83,100,85,57,cleared,,long,right,,long_throw,3,defence,,,,,home,102,4,2,Egyptian Premier League,2025/26,MASAR_NILE_2025_08_23,FC Masar vs Nile Stars
TI049,throw_in,throw_in,Nile Stars,FC Masar,Opp Back,89,100,90,43,cleared,,long,right,,long_throw,3,defence,,,,,home,111,30,2,Egyptian Premier League,2025/26,MASAR_NILE_2025_08_23,FC Masar vs Nile Stars
PEN050,penalty,penalty,Nile Stars,FC Masar,Opp Striker,88,50,100,46,saved,Saved,,,,penalty,1,attack,,,0.76,,home,65,10,2,Egyptian Premier League,2025/26,MASAR_NILE_2025_08_23,FC Masar vs Nile Stars
